case_id,image,labels,min_same_class,min_any_class,max_count_error,max_khr_error,max_usd_error,notes
synthetic_clean_base_v1001,/data/synthetic/cashsnap_webgl_clean_base_candidate_v1/images/train/variant_1001.png,data/synthetic/cashsnap_webgl_clean_base_candidate_v1/labels/train/variant_1001.txt,,,,,,"Diagnostic clean WebGL case; report browser transfer metrics before using as a guard. Selected by max_boxes; props: none; labels: KHR_10000=1, USD_1=1, USD_100=1."
synthetic_overlap_stack_v1103,/data/synthetic/cashsnap_webgl_overlap_stack_candidate_v1/images/train/variant_1103.png,data/synthetic/cashsnap_webgl_overlap_stack_candidate_v1/labels/train/variant_1103.txt,,,,,,"Diagnostic overlap-stack WebGL case; report transfer metrics without gating yet. Selected by max_boxes; props: finger_capsule=2; labels: KHR_20000=1, KHR_500=1, KHR_5000=1, KHR_50000=1, USD_5=1, USD_50=1."
synthetic_fan_fullschema_v1205,/data/synthetic/cashsnap_webgl_fan_fullschema_candidate_v1/images/train/variant_1205.png,data/synthetic/cashsnap_webgl_fan_fullschema_candidate_v1/labels/train/variant_1205.txt,,,,,,"Diagnostic fan WebGL case; stresses fan geometry and fragments. Selected by max_boxes; props: finger_capsule=3; labels: KHR_10000=1, KHR_2000=1, KHR_20000=1, USD_1=1, USD_10=1, USD_100=1, USD_20=1."
synthetic_same_class_fan_v1729,/data/synthetic/cashsnap_webgl_same_class_repeat_fan_balanced_audit_v1/images/train/variant_1729.png,data/synthetic/cashsnap_webgl_same_class_repeat_fan_balanced_audit_v1/labels/train/variant_1729.txt,,,,,,"Diagnostic same-class fan WebGL case; count/fusion stress. Selected by max_same_then_boxes; props: finger_capsule=3; labels: KHR_10000=1, KHR_20000=3, KHR_50000=2."
synthetic_hand_occlusion_v1301,/data/synthetic/cashsnap_webgl_hand_occlusion_candidate_v1/images/train/variant_1301.png,data/synthetic/cashsnap_webgl_hand_occlusion_candidate_v1/labels/train/variant_1301.txt,,,,,,"Diagnostic hand-occlusion WebGL case; stresses finger/hand occlusion pressure. Selected by max_boxes; props: finger_capsule=5; labels: KHR_1000=1, KHR_20000=1, KHR_500=1, KHR_5000=1, USD_1=1."
synthetic_thin_edge_v1400,/data/synthetic/cashsnap_webgl_thin_edge_partial_candidate_v1/images/train/variant_1400.png,data/synthetic/cashsnap_webgl_thin_edge_partial_candidate_v1/labels/train/variant_1400.txt,,,,,,"Diagnostic thin-edge WebGL case; stresses sliver/partial evidence. Selected by max_boxes; props: cover_card=4; labels: KHR_10000=1, KHR_20000=1, KHR_500=1, KHR_5000=1."
synthetic_hard_negative_receipt_paper_v0,/data/synthetic/cashsnap_webgl_hard_negative_diversity_catalog_gate_v1/images/train/variant_0000.png,data/synthetic/cashsnap_webgl_hard_negative_diversity_catalog_gate_v1/labels/train/variant_0000.txt,,,0,0,0,"Guard hard-negative WebGL case with receipt/paper props; must stay at 0 final detections and 0 value. Selected by first_zero; props: blank_paper=1, finger_capsule=1, receipt=1; labels: 0 targets."
synthetic_hard_negative_card_phone_v1,/data/synthetic/cashsnap_webgl_hard_negative_diversity_catalog_gate_v1/images/train/variant_0001.png,data/synthetic/cashsnap_webgl_hard_negative_diversity_catalog_gate_v1/labels/train/variant_0001.txt,,,0,0,0,"Guard hard-negative WebGL case with payment-card/phone props; must stay at 0 final detections and 0 value. Selected by first_zero; props: payment_card=2, phone=2; labels: 0 targets."
synthetic_hard_negative_wallet_sticky_v2,/data/synthetic/cashsnap_webgl_hard_negative_diversity_catalog_gate_v1/images/train/variant_0002.png,data/synthetic/cashsnap_webgl_hard_negative_diversity_catalog_gate_v1/labels/train/variant_0002.txt,,,0,0,0,"Guard hard-negative WebGL case with wallet/sticky-note props; must stay at 0 final detections and 0 value. Selected by first_zero; props: sticky_note=2, wallet=3; labels: 0 targets."
